site,V1,V2,V3,V4,V5,V6,V7,V8
s1SMT1,0,0,0,0,0,0,0,0
s1SMT2,0,0,0,0,0,0,0,0
s1SMT3,0,0,0,0,0,0,0,0
s1SMT4,0,0,0,0,0,NA,NA,NA
s1SMT5,0,0,0,0,0,NA,NA,NA
s1SMT6,0,0,0,0,0,NA,NA,NA
s1SMT7,0,0,0,0,0,0,0,0
s1SMT8,0,0,0,0,0,0,0,0
s1JKS1,0,0,0,0,0,0,NA,NA
s1JKS2,0,0,0,0,0,0,0,0
s1JKS3,0,0,0,0,0,0,0,NA
s1JKS4,0,0,0,0,0,0,NA,NA
s1JKS5,0,0,0,0,0,0,0,0
s1JKS6,0,0,NA,NA,NA,NA,NA,NA
s1JKS7,0,0,0,0,0,0,0,NA
s1JKS8,0,0,0,0,0,0,0,NA
s1JKS9,0,0,0,0,0,0,0,0
s1JKS10,0,0,0,0,0,0,0,0
s1JKS11,0,0,0,0,0,0,0,0
s1JKS12,0,0,0,0,0,0,0,0
s1JKS13,0,0,0,0,0,0,0,NA
s1JKS14,0,0,NA,NA,NA,NA,NA,NA
s1JKS15,0,0,0,0,0,0,0,NA
s1JKS16,0,0,0,0,0,NA,NA,NA
s1JKS17,0,0,0,0,0,NA,NA,NA
s1JKS18,0,0,0,0,0,NA,NA,NA
s1JKS19,0,NA,NA,NA,NA,NA,NA,NA
s1JKS20,0,0,NA,NA,NA,NA,NA,NA
s1PAD1,0,0,0,0,0,NA,NA,NA
s1PAD2,0,0,0,0,0,NA,NA,NA
s1PAD3,0,0,0,NA,NA,NA,NA,NA
s1PAD4,0,0,0,0,NA,NA,NA,NA
s1PAD5,0,0,0,0,NA,NA,NA,NA
s1PAD6,0,0,0,0,0,0,0,NA
s1PAD7,0,0,0,0,0,0,NA,NA
s1PAD8,0,0,0,0,NA,NA,NA,NA
s1PAD9,0,0,0,0,0,0,0,0
s1PAD10,0,0,0,0,0,0,NA,NA
s1PAD11,0,NA,NA,NA,NA,NA,NA,NA
s1PAD12,0,0,0,0,0,NA,NA,NA
s1PAD13,0,0,0,0,0,0,NA,NA
s1PAD14,1,1,1,0,0,NA,NA,NA
s1PAD15,0,NA,NA,NA,NA,NA,NA,NA
s1PAD16,1,0,1,1,NA,NA,NA,NA
s1PAD17,0,0,0,0,0,0,0,0
s1PAD18,0,0,0,0,0,0,0,NA
s1PAD19,0,0,0,0,0,0,0,NA
s1PAD20,0,0,0,0,0,NA,NA,NA
s1PAD21,0,1,1,0,0,NA,NA,NA
s1PAD22,0,0,0,0,0,NA,NA,NA
s1PAD23,0,0,0,0,0,0,NA,NA
s1PAD24,0,0,0,0,0,NA,NA,NA
s1PAD25,0,1,0,0,0,NA,NA,NA
s1PAD26,0,0,0,0,0,NA,NA,NA
s1PAD27,0,0,0,0,0,NA,NA,NA
s1PAD28,0,NA,NA,NA,NA,NA,NA,NA
s1PAD29,0,0,0,0,0,0,0,0
s1PAD30,0,0,0,0,0,NA,NA,NA
s1PAD31,0,0,0,1,0,NA,NA,NA
s1PAD32,1,0,0,0,0,NA,NA,NA
s1PAD33,0,NA,NA,NA,NA,NA,NA,NA
s1PAD34,0,0,0,0,0,0,NA,NA
s1PAD35,0,0,0,0,0,0,0,0
s1PAD36,0,0,0,0,NA,NA,NA,NA
s1PAD37,0,0,1,0,0,NA,NA,NA
s1PAD38,0,0,0,0,0,NA,NA,NA
s1PAD39,0,0,0,0,0,NA,NA,NA
s1PAD40,0,0,0,0,0,NA,NA,NA
s2JDN1,0,0,0,NA,NA,NA,NA,NA
s2JDN2,0,0,0,NA,NA,NA,NA,NA
s2JDN3,0,0,0,0,0,NA,NA,NA
s2JDN4,0,0,0,NA,NA,NA,NA,NA
s2JDN5,0,NA,NA,NA,NA,NA,NA,NA
s2JDN6,0,0,0,NA,NA,NA,NA,NA
s2JDN7,0,0,0,NA,NA,NA,NA,NA
s2JDN8,0,NA,NA,NA,NA,NA,NA,NA
s2JDN9,0,NA,NA,NA,NA,NA,NA,NA
s2JDN10,1,1,0,NA,NA,NA,NA,NA
s2JDN11,0,0,0,NA,NA,NA,NA,NA
s2JDN12,0,1,0,0,NA,NA,NA,NA
s2JDN13,0,0,0,0,NA,NA,NA,NA
s2JDN14,0,0,0,0,NA,NA,NA,NA
s2JDN15,0,0,NA,NA,NA,NA,NA,NA
s2JDN16,0,0,NA,NA,NA,NA,NA,NA
s2JDN17,0,NA,NA,NA,NA,NA,NA,NA
s2JDN18,0,0,0,0,0,NA,NA,NA
s2JDN19,0,0,0,NA,NA,NA,NA,NA
s2JDN20,0,0,0,0,NA,NA,NA,NA
s2JDN21,0,0,0,0,0,0,0,NA
s2JDN22,0,0,0,0,0,0,0,0
s2JDN23,0,0,0,0,0,0,NA,NA
s2JDN24,0,0,0,0,0,0,NA,NA
s2JDN25,0,0,0,0,NA,NA,NA,NA
s2JDN26,0,0,0,0,0,NA,NA,NA
s2JDN27,0,0,0,0,0,NA,NA,NA
s2JDN28,0,0,NA,NA,NA,NA,NA,NA
s2JDN29,0,0,0,NA,NA,NA,NA,NA
s2JDN30,0,0,0,0,NA,NA,NA,NA
s2JDN31,0,0,0,NA,NA,NA,NA,NA
s2JDN32,0,0,0,0,NA,NA,NA,NA
s2JDN33,0,0,0,NA,NA,NA,NA,NA
s2JDN34,0,0,1,0,NA,NA,NA,NA
s2JDN35,0,0,1,0,NA,NA,NA,NA
s2JDN36,0,0,0,0,0,0,0,0
s2JDN37,0,1,1,0,NA,NA,NA,NA
s2JDN38,0,0,0,0,0,0,0,0
s2THIM1,0,0,0,0,0,0,0,0
s2THIM2,0,0,0,0,0,NA,NA,NA
s2THIM3,0,NA,NA,NA,NA,NA,NA,NA
s2THIM4,0,0,0,0,0,0,0,NA
s2THIM5,0,NA,NA,NA,NA,NA,NA,NA
s2THIM6,0,0,0,0,0,0,NA,NA
s2THIM7,0,0,NA,NA,NA,NA,NA,NA
s2THIM8,0,NA,NA,NA,NA,NA,NA,NA
s2THIM9,0,0,0,0,0,0,NA,NA
s2THIM10,1,0,0,0,0,0,0,0
s2THIM11,0,0,0,0,0,0,0,0
s2THIM12,0,0,0,0,0,0,0,0
s2THIM13,1,1,0,0,0,1,0,0
s2THIM14,0,0,0,0,NA,NA,NA,NA
s2THIM15,0,0,0,0,0,0,0,0
s2THIM16,0,0,0,0,NA,NA,NA,NA
s2THIM17,0,0,0,0,NA,NA,NA,NA
s2THIM18,0,0,0,0,0,0,0,0
s2THIM19,0,0,0,0,1,0,0,0
s2THIM20,0,0,0,0,0,0,0,0
s2THIM21,0,0,0,0,0,0,0,0
s2WAND1,0,0,0,0,0,0,0,0
s2WAND2,0,NA,NA,NA,NA,NA,NA,NA
s2WAND3,0,0,0,0,0,0,0,0
s2WAND4,0,0,0,0,0,0,0,0
s2WAND5,0,0,0,0,0,0,0,0
s2WAND6,1,1,1,0,1,1,1,0
s2WAND7,0,0,0,0,0,0,0,0
s2WAND8,0,0,0,0,0,0,0,0
s2WAND9,0,0,0,0,0,0,0,0
s2WAND10,0,0,NA,NA,NA,NA,NA,NA
s2WAND11,0,0,0,0,0,NA,NA,NA
s2WAND12,0,0,0,0,0,0,NA,NA
s2WAND13,0,0,0,0,0,0,0,0
s2WAND14,0,0,0,0,NA,NA,NA,NA
s2WAND15,1,0,0,0,0,0,0,0
s2WAND16,0,0,0,0,0,0,NA,NA
s2WAND17,0,0,0,0,0,0,0,0
s2WAND18,0,0,0,0,NA,NA,NA,NA
s2WAND19,0,0,0,0,0,NA,NA,NA
s2WAND20,0,0,0,0,0,0,NA,NA
s2WAND21,0,0,0,0,0,0,NA,NA
s2WAND22,1,0,0,0,0,0,0,NA
s2WAND23,0,0,0,0,0,0,0,0
s2WAND24,0,0,0,0,NA,NA,NA,NA
s2WAND25,0,0,0,0,0,0,0,0
s2WAND26,0,0,0,0,0,0,0,0
s2WAND27,0,0,0,0,0,0,0,0
s2WAND28,0,0,0,0,0,0,NA,NA
s2WAND29,1,0,0,1,0,0,0,0
s2WAND30,0,1,0,0,0,0,0,0
s2WAND31,0,0,0,0,0,0,0,0
s2WAND32,0,NA,NA,NA,NA,NA,NA,NA
s2WAND33,0,0,0,0,0,0,0,0
s2WAND34,0,0,0,NA,NA,NA,NA,NA
s2WAND35,0,0,0,0,0,NA,NA,NA
s2WAND36,0,0,0,0,NA,NA,NA,NA
s2WAND37,0,0,0,1,0,NA,NA,NA
s2WAND38,0,0,NA,NA,NA,NA,NA,NA
s2WAND39,0,0,0,0,0,0,0,NA
s2WAND40,0,0,0,NA,NA,NA,NA,NA
s2WAND41,1,0,0,NA,NA,NA,NA,NA
s2WAND42,0,0,0,0,0,0,0,NA
s2WAND43,1,1,0,0,0,0,NA,NA
s2WAND44,0,0,0,0,NA,NA,NA,NA
s2WAND45,0,0,0,0,NA,NA,NA,NA
s2WAND46,0,NA,NA,NA,NA,NA,NA,NA
s2WAND47,1,0,0,0,0,0,NA,NA
s2WAND48,0,0,0,0,0,NA,NA,NA
s2WAND49,0,0,0,0,0,0,0,NA
s2WAND50,0,0,0,0,0,1,0,0
s2WAND51,0,0,0,0,0,0,0,NA
s2WAND52,0,0,0,0,0,0,0,0
s2WAND53,0,NA,NA,NA,NA,NA,NA,NA
s2WAND54,0,0,0,NA,NA,NA,NA,NA
s2WAND55,0,0,0,0,0,0,0,0
s2WAND56,0,0,0,NA,NA,NA,NA,NA
s2WAND57,0,0,NA,NA,NA,NA,NA,NA
s2WAND58,0,0,NA,NA,NA,NA,NA,NA
s2WAND59,0,0,NA,NA,NA,NA,NA,NA
s2WAND60,0,0,NA,NA,NA,NA,NA,NA
s2WAND61,0,0,NA,NA,NA,NA,NA,NA
s2WAND62,0,0,NA,NA,NA,NA,NA,NA
s2WAND63,0,0,NA,NA,NA,NA,NA,NA
s2WAND64,0,NA,NA,NA,NA,NA,NA,NA
s2WAND65,0,0,NA,NA,NA,NA,NA,NA
s2WAND66,0,0,NA,NA,NA,NA,NA,NA
s2WAND67,0,0,0,NA,NA,NA,NA,NA
s2WAND68,0,0,0,NA,NA,NA,NA,NA
s2WAND69,0,0,NA,NA,NA,NA,NA,NA
s2WAND70,1,NA,NA,NA,NA,NA,NA,NA
s2WAND71,0,NA,NA,NA,NA,NA,NA,NA
s2WAND72,0,0,NA,NA,NA,NA,NA,NA
s2WAND73,0,0,0,NA,NA,NA,NA,NA
s2WAND74,0,0,NA,NA,NA,NA,NA,NA
s2WAND75,0,0,0,NA,NA,NA,NA,NA
s2WAND76,0,0,0,NA,NA,NA,NA,NA
s2WAND77,0,0,0,0,0,0,0,NA
s2WAND78,0,1,NA,NA,NA,NA,NA,NA
s2WAND79,0,0,NA,NA,NA,NA,NA,NA
s2WAND80,1,0,0,NA,NA,NA,NA,NA
s2WAND81,0,0,0,NA,NA,NA,NA,NA
s3GED1,0,0,1,0,NA,NA,NA,NA
s3GED2,0,0,0,0,NA,NA,NA,NA
s3GED3,0,0,0,0,0,0,0,0
s3GED4,0,0,0,0,0,NA,NA,NA
s3GED5,0,0,0,0,0,NA,NA,NA
s3GED6,0,0,0,0,0,0,0,0
s3GED7,0,0,0,0,0,0,0,0
s3GED8,0,0,0,0,0,0,0,0
s3GED9,0,0,0,0,0,0,0,0
s3GED10,0,0,0,0,0,NA,NA,NA
s3GED11,0,0,0,0,0,NA,NA,NA
s3GED12,0,0,0,0,0,NA,NA,NA
s3GED13,0,0,0,0,0,NA,NA,NA
s3GED14,0,0,0,0,0,0,NA,NA
s3GED15,1,0,1,1,1,0,NA,NA
s3GED16,0,0,NA,NA,NA,NA,NA,NA
s3GED17,0,0,0,0,0,0,NA,NA
s3GED18,0,0,0,NA,NA,NA,NA,NA
s3GED19,0,0,0,0,NA,NA,NA,NA
s3GED20,0,0,0,0,NA,NA,NA,NA
s3GED21,0,0,0,0,0,0,0,0
s3GED22,0,0,0,0,0,0,0,0
s3GED23,0,0,0,0,0,0,0,0
s3GED24,0,0,0,0,0,NA,NA,NA
s3GED25,0,0,0,0,0,NA,NA,NA
s3GED26,0,0,0,0,0,NA,NA,NA
s3GED27,0,0,0,0,NA,NA,NA,NA
s3GED28,0,NA,NA,NA,NA,NA,NA,NA
s3GED29,0,0,0,0,NA,NA,NA,NA
s3GED30,0,NA,NA,NA,NA,NA,NA,NA
s3GED31,0,0,0,0,0,0,NA,NA
s3GED32,0,0,0,0,0,NA,NA,NA
s3GED33,0,0,0,0,0,NA,NA,NA
s3GED34,0,0,0,0,0,0,0,0
s3TSIR1,0,0,0,0,0,0,0,NA
s3TSIR2,1,0,0,0,1,0,0,0
s3TSIR3,0,0,0,0,0,0,0,0
s3TSIR4,0,0,0,0,0,1,0,0
s3TSIR5,0,0,0,0,0,0,0,NA
s3TSIR6,0,0,0,0,0,NA,NA,NA
s3TSIR7,0,0,0,0,0,0,0,0
s3TSIR8,0,0,0,0,0,0,0,0
s3TSIR9,1,0,0,0,0,NA,NA,NA
s3TSIR10,0,0,0,0,0,0,0,0
s3TSIR11,0,0,0,0,0,0,0,0
s3TSIR12,0,0,0,0,0,0,0,0
s3TSIR13,0,0,0,0,0,0,0,0
s3TSIR14,0,0,0,0,0,0,0,0
s3TSIR15,0,NA,NA,NA,NA,NA,NA,NA
s3TSIR16,0,0,0,0,0,0,0,0
s3TSIR17,0,0,0,0,0,0,0,1
s3TSIR18,0,NA,NA,NA,NA,NA,NA,NA
s3TSIR19,0,0,0,0,0,0,0,0
s3TSIR20,0,0,0,0,0,0,0,0
s3TSIR21,0,0,0,0,0,0,0,0
s3TSIR22,0,0,0,0,0,0,0,0
s3TSIR23,1,0,0,0,0,0,0,0
s3TSIR24,0,0,0,0,0,0,0,0
s3TSIR25,0,0,0,0,0,0,0,0
s3TSIR26,0,0,0,0,0,0,NA,NA
s3TSIR27,0,0,0,0,0,0,0,0
s3TSIR28,0,0,0,0,0,0,0,0
s3TSIR29,0,0,0,NA,NA,NA,NA,NA
s3TSIR30,0,0,0,0,0,0,0,0
s3TSIR31,0,0,0,0,0,0,0,NA
s3TSIR32,0,0,0,0,NA,NA,NA,NA
s3TSIR33,0,0,1,0,NA,NA,NA,NA
s3TSIR34,0,1,0,0,0,0,0,0
s3TSIR35,0,0,0,0,0,0,0,NA
s3TSIR36,0,0,0,0,0,0,0,NA
s3TSIR37,0,0,0,0,0,0,0,NA
s3PWS1,0,0,0,0,0,0,0,0
s3PWS2,0,0,0,0,0,0,0,0
s3PWS3,0,0,0,0,0,0,0,NA
s3PWS4,0,0,0,0,0,0,0,0
s3PWS5,0,0,0,0,0,0,NA,NA
s3PWS6,0,0,0,0,0,0,0,0
s3PWS7,0,0,0,0,0,0,0,0
s3PWS8,1,0,0,0,0,0,0,0
s3PWS9,1,0,0,0,0,0,0,0
s3PWS10,0,0,0,0,0,0,0,0
s3PWS11,0,0,0,0,0,0,0,0
s3PWS12,0,0,0,0,0,0,0,0
s3PWS13,0,0,0,0,0,0,0,0
s3PWS14,0,0,0,0,0,0,0,0
s3PWS15,0,0,0,0,1,0,0,0
s3PWS16,0,0,0,0,0,0,0,NA
s3PWS17,0,1,0,0,0,0,0,0
s3PWS18,1,0,0,0,1,0,0,1
s3PWS19,1,0,1,0,0,1,0,0
s3PWS20,0,0,0,0,0,NA,NA,NA
s4SARP1,0,0,0,0,0,0,NA,NA
s4SARP2,0,0,0,0,1,1,0,NA
s4SARP3,0,1,1,1,0,0,0,NA
s4SARP4,0,1,0,0,1,0,0,0
s4SARP5,0,0,0,0,0,1,0,0
s4SARP6,1,1,1,1,1,1,1,0
s4SARP7,0,0,0,0,1,0,0,0
s4SARP8,0,0,1,0,1,1,1,0
s4SARP9,1,0,0,1,1,1,0,NA
s4SARP10,0,0,0,0,1,0,0,NA
s4SARP11,0,0,0,0,0,1,1,NA
s4SARP12,0,0,0,0,1,0,0,NA
s4SARP13,0,0,0,0,0,1,0,NA
s4SARP14,1,0,0,0,0,0,0,NA
s4SARP15,0,1,0,0,0,0,0,NA
s4SARP16,0,0,0,0,0,0,0,NA
s4SARP17,0,0,0,0,0,0,0,NA
s4SARP18,0,0,0,0,0,0,0,NA
s4SARP19,0,0,0,0,0,0,NA,NA
s4SARP20,0,0,0,0,1,1,0,NA
s4SARP21,0,1,0,1,1,0,NA,NA
s4SARP22,1,0,1,0,1,0,NA,NA
s4SARP23,0,0,0,1,1,0,0,NA
s4SARP24,0,0,0,0,0,0,0,NA
s4SARP25,1,0,0,0,0,NA,NA,NA
s4SARP26,1,1,0,1,0,NA,NA,NA
s4SARP27,0,0,1,1,1,0,0,0
s4SARP28,1,1,0,NA,NA,NA,NA,NA
s4SARP29,0,0,0,0,0,0,0,NA
s4SARP30,0,1,0,0,0,0,0,0
s4SARP31,0,0,NA,NA,NA,NA,NA,NA
s4SARP32,0,0,0,0,0,0,0,NA
s4SARP33,0,0,0,0,0,0,0,NA
s4SARP34,0,0,0,0,0,1,NA,NA
s4SARP35,0,0,0,0,0,NA,NA,NA
s4SARP36,0,0,0,0,0,0,0,0
s4SARP37,0,1,1,0,0,0,0,0
s4SARP38,1,0,0,0,1,1,0,NA
s4SARP39,0,0,0,1,1,1,0,1
s4JSW1,1,1,1,0,1,0,0,0
s4JSW2,1,1,1,0,0,0,0,0
s4JSW3,0,0,0,0,0,1,NA,NA
s4JSW4,1,1,1,0,0,0,1,1
s4JSW5,0,1,0,0,0,0,0,0
s4JSW6,1,0,0,0,0,0,NA,NA
s4JSW7,1,1,1,0,1,NA,NA,NA
s4JSW8,1,1,0,1,0,0,NA,NA
s4JSW9,0,0,0,0,0,0,NA,NA
s4JSW10,0,0,0,0,0,0,0,0
s4JSW11,0,0,0,1,0,0,1,1
s4JSW12,1,1,0,0,1,0,0,0
s4JSW13,0,1,0,0,0,0,0,NA
s4JSW14,0,0,0,0,0,NA,NA,NA
s4JSW15,1,1,1,1,0,NA,NA,NA
s4JSW16,1,0,0,0,0,NA,NA,NA
s4JSW17,1,1,0,1,1,0,0,0
s4JSW18,0,0,0,0,0,0,NA,NA
s4JSW19,1,1,0,0,0,0,0,0
s4JSW20,0,0,0,0,0,0,0,0
s4JSW21,0,1,0,0,0,0,0,0
s4JSW22,1,0,1,0,1,0,1,0
s4JSW23,1,0,0,0,0,1,0,0
s4JSW24,1,1,0,1,0,0,0,0
s4JSW25,0,0,0,0,0,0,0,0
s4JSW26,0,0,0,0,0,0,0,0
s4JSW27,1,1,1,0,1,1,1,0
s4JSW28,0,1,0,0,0,0,1,1
s4JSW29,0,0,0,0,0,0,0,NA
s4JSW30,1,1,0,0,0,0,0,0
s4JSW31,0,0,0,0,0,0,0,0
s4JSW32,0,0,0,0,0,0,0,0
s4JSW33,0,0,0,0,0,0,0,0
s4JSW34,0,0,0,0,0,0,NA,NA
s4JSW35,0,0,0,0,0,0,0,0
s4JSW36,0,0,0,0,0,0,0,NA
s4JSW37,0,0,0,0,0,0,0,0
s4JSW38,0,0,0,0,0,0,0,NA
s4JSW39,1,0,0,0,0,0,0,0
s4JSW40,0,0,0,0,0,0,0,0
s4JSW41,0,0,0,0,0,0,0,0
s4JSW42,1,1,0,0,0,0,0,0
s4JSW43,0,0,0,0,0,0,0,0
s4JSW44,0,0,0,0,0,0,0,NA
s4JSW45,0,0,0,0,0,0,0,0
s4JSW46,0,0,0,0,0,0,0,0
s4JSW47,0,0,0,0,0,0,0,0
s4JSW48,0,0,0,0,0,0,0,0
s4JSW49,1,0,0,0,0,0,0,0
s4JSW50,0,0,0,0,0,0,NA,NA
s4JSW51,1,0,1,1,1,0,NA,NA
s4JSW52,0,1,0,NA,NA,NA,NA,NA
s4JSW53,1,1,1,0,NA,NA,NA,NA
s4JSW54,1,1,0,1,0,0,1,NA
s4JSW55,0,0,1,1,0,0,0,0
s4JSW56,0,0,1,0,0,0,0,1
s4JSW57,0,0,0,0,0,0,1,0
s4JSW58,1,1,1,0,1,0,0,0
s4RMNP1,0,1,1,0,0,0,0,NA
s4RMNP2,0,0,1,1,1,1,0,NA
s4RMNP3,0,0,1,0,1,0,0,0
s4RMNP4,0,0,0,0,0,0,1,1
s4RMNP5,0,0,0,0,0,1,0,0
s4RMNP6,0,0,0,0,0,0,0,0
s4RMNP7,0,0,0,NA,NA,NA,NA,NA
s4RMNP8,0,0,0,1,0,0,0,0
s4RMNP9,0,0,0,0,NA,NA,NA,NA
s4RMNP10,1,1,0,0,0,0,0,0
s4RMNP11,0,1,0,0,NA,NA,NA,NA
s4RMNP12,0,0,0,0,0,0,NA,NA
s4RMNP13,0,0,1,1,0,0,NA,NA
s4RMNP14,1,0,0,0,0,0,NA,NA
s4RMNP15,0,0,0,1,0,0,NA,NA
s4RMNP16,0,1,0,0,0,0,NA,NA
s4RMNP17,0,0,0,0,0,1,1,NA
s4RMNP18,1,1,1,0,1,0,0,0
s4RMNP19,0,0,0,0,0,0,NA,NA
s4RMNP20,1,0,1,1,0,NA,NA,NA
s4RMNP21,1,0,0,1,1,0,0,0
s4RMNP22,0,1,1,1,0,0,1,0
s4RMNP23,0,0,0,0,0,0,0,0
s4RMNP24,0,0,0,0,0,1,0,NA
s4RMNP25,0,0,0,0,0,0,NA,NA
s4RMNP26,0,0,0,0,0,0,0,0
s4RMNP27,0,0,0,0,NA,NA,NA,NA
s4RMNP28,1,1,0,1,1,0,0,1
s4RMNP29,1,0,0,0,0,0,0,0
s4RMNP30,0,1,0,0,0,0,0,0
s4RMNP31,0,0,0,0,0,0,0,NA
s4RMNP32,1,1,0,0,1,1,1,0
s4RMNP33,1,1,1,0,0,0,NA,NA
s4RMNP34,0,1,0,0,0,1,0,1
s4RMNP35,0,1,0,1,0,1,0,0
s4RMNP36,0,0,1,0,0,0,NA,NA
s4RMNP37,1,1,0,0,1,1,NA,NA
s4RMNP38,0,0,0,0,0,0,NA,NA
s4RMNP39,0,0,0,1,1,0,0,0
s4RMNP40,1,1,1,1,0,0,0,1
s4RMNP41,0,0,0,0,0,0,0,0
s4RMNP42,0,0,1,1,0,1,1,0
s4RMNP43,0,0,0,0,0,0,0,0
s4RMNP44,0,0,0,0,0,0,0,0
s4RMNP45,0,0,0,0,0,0,NA,NA
s4RMNP46,0,0,0,0,0,0,0,0
s4RMNP47,0,1,0,0,0,0,0,0
s4RMNP48,0,1,1,1,1,1,1,0
s4RMNP49,0,0,1,1,1,1,0,0
s4RMNP50,0,0,1,1,1,0,NA,NA
s4RMNP51,0,0,0,0,0,NA,NA,NA
s4RMNP52,0,0,1,0,0,0,0,0
s4RMNP53,1,0,0,0,0,0,0,0
s4RMNP54,0,0,0,0,NA,NA,NA,NA
s4RMNP55,0,0,0,0,0,0,0,0
s4RMNP56,1,0,0,0,0,0,NA,NA
s4RMNP57,0,0,0,0,0,0,1,NA
s4RMNP58,1,1,1,1,0,0,0,NA
s4RMNP59,1,0,0,0,0,0,0,0
s4RMNP60,1,1,1,1,0,1,0,1
s4RMNP61,0,0,0,0,0,0,0,1
s4RMNP62,0,0,0,0,0,0,0,0
s4RMNP63,1,1,1,1,1,0,0,1
s4RMNP64,1,0,0,0,0,0,NA,NA
s4RMNP65,1,0,0,0,0,0,1,0
s4RMNP66,0,0,1,0,0,0,0,NA
s4RMNP67,0,0,0,0,0,0,0,NA
s4RMNP68,1,0,0,0,0,0,NA,NA
s4RMNP69,0,0,0,0,0,0,NA,NA
s4RMNP70,0,0,0,1,0,0,NA,NA
s4RMNP71,0,0,0,0,0,0,0,0
s4RMNP72,0,0,0,NA,NA,NA,NA,NA
s4RMNP73,0,1,0,0,0,0,NA,NA
s5WCP1,0,0,NA,NA,NA,NA,NA,NA
s5WCP2,0,0,0,NA,NA,NA,NA,NA
s5WCP3,0,0,0,NA,NA,NA,NA,NA
s5WCP4,0,0,NA,NA,NA,NA,NA,NA
s5WCP5,0,0,0,NA,NA,NA,NA,NA
s5WCP6,0,NA,NA,NA,NA,NA,NA,NA
s5WCP7,0,NA,NA,NA,NA,NA,NA,NA
s5WCP8,0,NA,NA,NA,NA,NA,NA,NA
s5WCP9,0,0,NA,NA,NA,NA,NA,NA
s5WCP10,0,0,0,NA,NA,NA,NA,NA
s5WCP11,0,0,NA,NA,NA,NA,NA,NA
s5WCP12,0,0,NA,NA,NA,NA,NA,NA
s5WCP13,0,NA,NA,NA,NA,NA,NA,NA
s5WCP14,0,0,0,0,NA,NA,NA,NA
s5WCP15,0,0,NA,NA,NA,NA,NA,NA
s5WCP16,0,0,0,0,NA,NA,NA,NA
s5WCP17,0,0,0,0,NA,NA,NA,NA
s5WCP18,0,0,0,NA,NA,NA,NA,NA
s5WCP19,0,NA,NA,NA,NA,NA,NA,NA
s5WCP20,0,0,0,0,NA,NA,NA,NA
s5WCP21,0,NA,NA,NA,NA,NA,NA,NA
s5WCP22,0,0,NA,NA,NA,NA,NA,NA
s5WCP23,0,0,NA,NA,NA,NA,NA,NA
s5WCP24,0,0,NA,NA,NA,NA,NA,NA
s5WCP25,0,0,NA,NA,NA,NA,NA,NA
s5WCP26,0,0,0,0,NA,NA,NA,NA
s5WCP27,0,0,0,0,0,0,0,0
s5WCP28,0,0,0,0,0,NA,NA,NA
s5WCP29,1,0,NA,NA,NA,NA,NA,NA
s5WCP30,1,1,0,0,0,0,0,NA
s5WCP31,1,0,NA,NA,NA,NA,NA,NA
s5BUMTD1,0,0,0,0,NA,NA,NA,NA
s5BUMTD2,0,0,0,0,0,0,0,0
s5BUMTD3,0,0,0,0,0,0,0,0
s5BUMTD4,0,0,0,0,0,0,0,NA
s5BUMTD5,0,0,0,0,0,0,0,NA
s5BUMTD6,0,0,0,0,NA,NA,NA,NA
s5BUMTD7,0,0,0,0,0,0,0,0
s5BUMTD8,0,0,NA,NA,NA,NA,NA,NA
s5BUMTD9,0,0,0,NA,NA,NA,NA,NA
s5BUMTD10,0,0,0,0,0,0,0,NA
s5BUMTD11,0,0,0,0,0,0,0,0
s5BUMTD12,0,0,0,0,0,0,0,0
s5BUMTD13,0,0,0,0,0,0,0,NA
s5BUMTD14,0,0,0,0,0,0,0,0
s5BUMTD15,0,NA,NA,NA,NA,NA,NA,NA
s5BUMTD16,0,0,0,0,0,NA,NA,NA
s5BUMTD17,0,0,0,0,0,NA,NA,NA
s5BUMTD18,0,0,0,0,0,0,0,0
s5BUMTD19,0,0,0,0,0,0,0,0
s5BUMTD20,0,0,0,0,0,0,0,0
s5BUMTD21,0,0,0,0,0,0,0,0
s5BUMTD22,0,0,1,0,0,0,0,0
s5BUMTD23,0,0,0,0,0,0,0,0
s5BUMTD24,0,0,1,0,0,0,0,0
s5BUMTD25,0,0,0,0,0,0,0,0
s5BUMTD26,0,0,0,0,0,0,0,0
s5BUMTD27,0,0,0,0,0,0,0,0
s5BUMTD28,0,0,0,0,0,0,0,NA
s5BUMTD29,0,0,0,0,0,0,0,0
s5BUMTD30,0,0,0,0,0,0,NA,NA
s5BUMTD31,0,0,0,0,0,0,0,0
s5BUMTD32,0,0,0,0,0,0,0,0
s5BUMTD33,0,0,0,NA,NA,NA,NA,NA
s5BUMTD34,0,0,0,0,0,0,NA,NA
s5BUMTD35,0,0,0,0,0,0,0,0
s5BUMTD36,0,0,0,0,0,0,0,0
s5BUMTD37,0,0,0,0,0,0,0,0
s5ZHED1,0,0,0,0,0,0,0,0
s5ZHED2,0,0,0,0,0,0,1,0
s5ZHED3,0,0,0,0,0,0,0,0
s5ZHED4,0,0,0,0,0,0,0,0
s5ZHED5,0,0,0,0,0,0,1,1
s5ZHED6,0,0,0,0,0,0,0,NA
s5ZHED7,0,0,0,0,0,0,0,NA
s5ZHED8,0,1,1,0,0,0,0,NA
s5ZHED9,0,0,0,1,0,1,NA,NA
s5ZHED10,0,0,0,0,0,0,0,0
s5ZHED11,0,0,0,0,0,0,0,0
s5ZHED12,1,1,1,0,0,0,0,NA
s5ZHED13,0,0,0,1,0,0,0,0
s5ZHED14,0,0,0,0,0,0,0,NA
s5ZHED15,0,NA,NA,NA,NA,NA,NA,NA
s5ZHED16,0,0,0,1,0,0,NA,NA
s5ZHED17,0,0,0,0,0,0,0,NA
s5ZHED18,0,0,0,0,0,0,0,NA
s5ZHED19,0,0,0,0,0,0,0,0
s5ZHED20,0,0,0,0,0,0,0,NA
s5ZHED21,0,1,0,0,0,1,NA,NA
s5ZHED22,0,NA,NA,NA,NA,NA,NA,NA
s5ZHED23,0,0,NA,NA,NA,NA,NA,NA
s5ZHED24,0,0,0,0,0,1,NA,NA
s5ZHED25,0,0,0,0,0,0,NA,NA
s5ZHED26,0,0,0,0,0,NA,NA,NA
s5ZHED27,0,0,0,NA,NA,NA,NA,NA
s5ZHED28,0,0,0,0,0,NA,NA,NA
s5ZHED29,0,NA,NA,NA,NA,NA,NA,NA
s5ZHED30,0,0,0,0,0,NA,NA,NA
s5ZHED31,0,0,0,0,0,0,NA,NA
s5ZHED32,1,1,0,0,0,0,NA,NA
s5ZHED33,0,0,0,0,0,0,NA,NA
s5ZHED34,0,0,0,0,0,0,NA,NA
s5ZHED35,0,0,0,1,0,0,NA,NA
s5ZHED36,0,1,0,0,0,0,NA,NA
s5ZHED37,0,0,0,1,1,0,NA,NA
s5ZHED38,1,0,1,0,0,0,NA,NA
s5ZHED39,1,0,0,1,0,0,NA,NA
s5ZHED40,0,0,0,0,0,0,NA,NA
s5ZHED41,1,0,0,0,0,0,NA,NA
s5ZHED42,0,0,0,0,0,1,NA,NA
s5ZHED43,0,0,0,0,0,0,NA,NA
s5ZHED44,0,0,0,0,0,0,NA,NA
s5ZHED45,0,0,0,0,0,0,0,0
s5ZHED46,0,0,1,1,1,NA,NA,NA
s5ZHED47,0,0,0,0,0,0,0,NA
s5ZHED48,0,1,1,0,0,0,NA,NA
s5ZHED49,0,0,0,0,0,0,0,0
s5ZHED50,0,0,1,0,0,NA,NA,NA
s5ZHED51,1,1,1,1,0,NA,NA,NA
s5ZHED52,0,0,0,0,0,NA,NA,NA
s5ZHED53,0,0,0,0,0,0,NA,NA
s5ZHED54,0,0,0,0,NA,NA,NA,NA
s5ZHED55,0,0,NA,NA,NA,NA,NA,NA
s5ZHED56,0,0,0,0,0,0,0,0
s5ZHED57,0,0,1,1,0,NA,NA,NA
s5ZHED58,0,0,0,0,0,0,0,0
s5ZHED59,0,0,0,0,0,NA,NA,NA
s5ZHED60,0,0,0,NA,NA,NA,NA,NA
s5ZHED61,0,0,1,0,0,NA,NA,NA
s5ZHED62,0,0,0,0,0,0,0,0
s5ZHED63,0,0,0,0,0,0,0,0
s5ZHED64,0,0,0,0,0,0,NA,NA
s5ZHED65,0,0,0,0,0,0,0,0
s5ZHED66,0,0,0,0,0,0,0,0
s5ZHED67,0,0,0,0,1,0,0,0
s5ZHED68,1,1,NA,NA,NA,NA,NA,NA
s5ZHED69,0,0,NA,NA,NA,NA,NA,NA
s5ZHED70,1,1,1,0,0,1,0,0
s5ZHED71,0,0,0,0,0,0,0,0
s5ZHED72,0,0,0,0,0,0,0,0
s5ZHED73,1,0,1,1,1,1,1,1
s5ZHED74,0,1,0,0,0,0,0,0
s5ZHED75,0,1,0,0,0,NA,NA,NA
s5ZHED76,0,0,0,0,0,0,0,0
s5ZHED77,0,0,0,0,0,0,0,0
s5ZHED78,0,0,0,0,0,0,0,NA
s5ZHED79,0,0,0,NA,NA,NA,NA,NA
s5ZHED80,1,0,0,NA,NA,NA,NA,NA
s5ZHED81,0,0,0,NA,NA,NA,NA,NA
s5ZHED82,0,0,0,0,0,0,0,0
s5ZHED83,0,0,0,0,NA,NA,NA,NA
s5ZHED84,0,0,0,0,NA,NA,NA,NA
s5ZHED85,0,0,0,0,NA,NA,NA,NA
s5ZHED86,0,0,0,0,0,0,0,0
s5ZHED87,0,0,0,0,0,0,0,0
s5ZHED88,0,0,0,0,0,0,0,0
s5ZHED89,0,0,0,0,0,0,0,0
s5ZHED90,0,0,0,0,0,NA,NA,NA
s5ZHED91,0,0,0,0,0,0,0,NA
s5ZHED92,0,0,0,0,NA,NA,NA,NA
s5ZHED93,0,0,0,0,NA,NA,NA,NA
s5ZHED94,0,0,0,0,0,NA,NA,NA
s5ZHED95,0,0,0,0,0,0,NA,NA
s5ZHED96,0,NA,NA,NA,NA,NA,NA,NA
s5ZHED97,0,0,0,0,0,0,0,0
s5ZHED98,0,0,0,0,0,0,NA,NA
s5ZHED99,0,0,0,0,0,0,0,0
s5ZHED100,0,0,NA,NA,NA,NA,NA,NA
s5ZHED101,1,0,0,1,0,0,0,NA
s5ZHED102,0,0,0,NA,NA,NA,NA,NA
s6MOND1,0,0,0,0,0,NA,NA,NA
s6MOND2,0,0,0,0,NA,NA,NA,NA
s6MOND3,1,0,1,1,1,0,NA,NA
s6MOND4,0,0,1,0,0,0,NA,NA
s6MOND5,0,0,0,0,NA,NA,NA,NA
s6MOND6,0,0,0,0,0,1,NA,NA
s6MOND7,1,1,1,1,0,0,NA,NA
s6MOND8,0,0,0,0,0,0,NA,NA
s6MOND9,0,0,0,0,0,0,NA,NA
s6MOND10,0,0,0,0,0,0,NA,NA
s6MOND11,0,0,1,0,0,0,NA,NA
s6MOND12,0,0,0,0,NA,NA,NA,NA
s6MOND13,0,1,1,1,1,1,NA,NA
s6MOND14,1,1,1,0,NA,NA,NA,NA
s6MOND15,0,0,0,0,0,0,NA,NA
s6MOND16,0,0,1,1,0,0,NA,NA
s6MOND17,0,NA,NA,NA,NA,NA,NA,NA
s6MOND18,0,0,0,0,1,0,0,NA
s6MOND19,0,0,0,0,0,0,NA,NA
s6MOND20,0,0,0,0,0,0,NA,NA
s6MOND21,0,0,0,0,0,NA,NA,NA
s6MOND22,0,NA,NA,NA,NA,NA,NA,NA
s6MOND23,0,0,0,0,0,0,NA,NA
s6MOND24,1,0,1,0,NA,NA,NA,NA
s6MOND25,0,NA,NA,NA,NA,NA,NA,NA
s6MOND26,0,0,0,0,NA,NA,NA,NA
s6MOND27,0,0,0,0,NA,NA,NA,NA
s6MOND28,0,0,0,0,NA,NA,NA,NA
s6MOND29,0,0,0,0,NA,NA,NA,NA
s6MOND30,0,0,0,0,0,NA,NA,NA
s6PNP1,0,NA,NA,NA,NA,NA,NA,NA
s6PNP2,0,0,0,0,0,0,NA,NA
s6PNP3,0,0,0,0,0,0,0,0
s6PNP4,0,0,0,0,0,0,0,NA
s6PNP5,0,0,0,0,0,0,0,NA
s6PNP6,0,0,0,0,0,0,0,NA
s6PNP7,0,1,1,0,1,0,1,NA
s6PNP8,0,0,0,0,0,0,0,NA
s6PNP9,0,0,0,0,0,NA,NA,NA
s6PNP10,0,0,0,0,0,NA,NA,NA
s6PNP11,0,0,0,1,0,NA,NA,NA
s6PNP12,0,NA,NA,NA,NA,NA,NA,NA
s6PNP13,0,0,0,0,0,1,0,NA
s6PNP14,0,0,0,0,0,0,0,NA
s6PNP15,0,0,0,0,0,0,0,NA
s6PNP16,0,0,0,0,0,0,0,NA
s6PNP17,0,0,0,0,0,0,0,NA
s6PNP18,0,0,0,0,0,0,0,NA
s6PNP19,0,NA,NA,NA,NA,NA,NA,NA
s6PNP20,0,NA,NA,NA,NA,NA,NA,NA
s6PNP21,0,NA,NA,NA,NA,NA,NA,NA
s6PNP22,0,0,0,0,0,0,0,NA
s6PNP23,0,0,0,0,NA,NA,NA,NA
s6PNP24,0,1,0,0,0,0,0,NA
s6PNP25,0,0,0,0,0,0,0,NA
s6PNP26,0,NA,NA,NA,NA,NA,NA,NA
s6BWS1,0,0,0,0,0,0,0,0
s6BWS2,0,0,1,0,0,0,0,0
s6BWS3,1,0,0,0,0,0,0,0
s6BWS4,0,0,0,1,0,0,1,1
s6BWS5,1,1,1,0,1,0,1,1
s6BWS6,0,0,0,0,0,0,0,0
s6BWS7,0,0,0,0,0,0,0,0
s6BWS8,0,0,0,0,0,1,0,0
s6BWS9,0,0,NA,NA,NA,NA,NA,NA
s6BWS10,0,0,0,0,0,0,0,0
s6BWS11,0,0,0,0,0,0,0,0
s6BWS12,0,0,0,0,0,0,0,0
s6BWS13,0,0,0,0,0,0,0,NA
s6BWS14,0,0,0,0,0,0,0,0
s6BWS15,0,0,0,1,0,0,0,1
s6BWS16,0,0,0,0,NA,NA,NA,NA
s6BWS17,0,0,0,0,NA,NA,NA,NA
s6BWS18,0,0,0,NA,NA,NA,NA,NA
s6BWS19,0,0,1,0,0,0,0,0
s6BWS20,0,0,0,0,0,0,0,0
s6BWS21,0,0,0,1,1,1,1,1
s6BWS22,1,0,0,NA,NA,NA,NA,NA
s6BWS23,0,1,0,0,0,0,0,1
s6BWS24,1,1,1,0,1,0,0,1
s6BWS25,0,0,0,0,0,0,0,0
s6BWS26,0,0,0,0,1,1,1,0
s6BWS27,0,0,0,0,0,0,0,0
s6BWS28,0,0,NA,NA,NA,NA,NA,NA
s6BWS29,0,0,0,0,NA,NA,NA,NA
s7TASD1,0,0,0,0,0,0,0,0
s7TASD2,0,0,0,0,0,0,0,0
s7TASD3,0,0,0,0,0,0,0,NA
s7TASD4,1,0,1,0,1,0,0,0
s7TASD5,0,0,0,0,0,0,0,0
s7TASD6,0,0,0,NA,NA,NA,NA,NA
s7TASD7,1,0,0,NA,NA,NA,NA,NA
s7TASD8,1,1,1,1,0,0,0,0
s7TASD9,0,0,1,0,0,0,0,0
s7TASD10,0,0,0,0,0,0,0,0
s7TASD11,0,0,0,0,0,0,0,0
s7TASD12,1,0,0,NA,NA,NA,NA,NA
s7TASD13,0,0,0,0,0,0,0,NA
s7TASD14,0,0,0,0,0,0,0,NA
s7TASD15,0,0,0,0,0,0,NA,NA
s7TASD16,1,1,1,0,0,0,NA,NA
s7TASD17,0,1,0,0,0,0,0,0
s7TASD18,0,0,0,0,0,0,0,NA
s7TASD19,0,0,0,0,0,0,0,0
s7TASD20,0,0,0,0,0,0,NA,NA
s7TASD21,0,1,0,1,1,0,0,1
s7TASD22,0,0,0,0,0,0,NA,NA
s7TASD23,0,0,0,0,0,0,NA,NA
s7TASD24,0,0,0,0,0,0,NA,NA
s7TASD25,0,0,0,0,0,0,NA,NA
s7SWS1,1,0,0,0,0,0,0,0
s7SWS2,0,1,0,0,0,0,1,0
s7SWS3,0,1,0,0,0,1,1,0
s7SWS4,1,1,1,1,0,0,0,0
s7SWS5,0,0,0,0,0,0,0,0
s7SWS6,0,0,0,0,0,0,NA,NA
s7SWS7,0,0,0,0,0,0,0,0
s7SWS8,0,0,1,0,1,0,NA,NA
s7SWS9,0,NA,NA,NA,NA,NA,NA,NA
s7SWS10,0,0,0,0,0,0,0,0
s7SWS11,0,0,0,0,0,0,0,0
s7SWS12,0,0,1,0,0,0,0,0
s7SWS13,0,NA,NA,NA,NA,NA,NA,NA
s7SWS14,0,NA,NA,NA,NA,NA,NA,NA
s7SWS15,0,NA,NA,NA,NA,NA,NA,NA
s7SWS16,0,0,0,0,0,NA,NA,NA
s7SWS17,0,0,0,NA,NA,NA,NA,NA
s7SWS18,0,0,0,0,0,0,NA,NA
s7SWS19,0,0,0,NA,NA,NA,NA,NA
s7SWS20,0,0,0,0,NA,NA,NA,NA
s7SWS21,0,0,0,0,NA,NA,NA,NA
s7SWS22,0,0,0,0,0,0,NA,NA
s7SJD1,0,0,0,0,1,1,NA,NA
s7SJD2,1,0,0,0,0,0,NA,NA
s7SJD3,0,0,0,0,NA,NA,NA,NA
s7SJD4,1,1,0,1,0,0,0,0
s7SJD5,0,1,0,0,1,0,1,0
s7SJD6,0,0,0,0,NA,NA,NA,NA
s7SJD7,0,0,0,0,0,0,0,0
s7SJD8,0,0,0,0,1,0,0,0
s7SJD9,0,1,0,NA,NA,NA,NA,NA
s7SJD10,0,0,0,0,0,0,0,NA
s7SJD11,0,1,0,0,0,0,0,NA
s7SJD12,0,0,0,0,0,0,0,0
s7SJD13,0,0,0,0,0,0,0,0
s7SJD14,0,0,0,0,0,1,0,0
s7SJD15,0,0,0,0,NA,NA,NA,NA
s7SJD16,1,1,0,0,0,0,0,NA
s7SJD17,0,0,NA,NA,NA,NA,NA,NA
s7SJD18,0,0,0,0,0,0,0,0
s7SJD19,0,0,0,0,0,0,0,NA
s7SJD20,0,0,0,0,0,0,0,0
s7SJD21,1,0,0,0,0,0,0,NA
s7SJD22,0,1,1,1,0,0,0,0
s7SJD23,0,0,0,1,0,1,1,1
s7SJD24,0,0,0,0,0,0,0,NA
s7SJD25,1,0,0,0,0,0,NA,NA
s7SJD26,0,0,0,0,NA,NA,NA,NA
s7SJD27,0,0,0,0,0,0,0,NA
s7SJD28,1,0,0,NA,NA,NA,NA,NA
s7SJD29,0,0,0,0,0,0,0,NA
s7SJD30,0,0,0,0,0,NA,NA,NA
s7SJD31,0,0,0,0,0,NA,NA,NA
s7SJD32,0,0,0,0,0,NA,NA,NA
s7SJD33,0,0,0,0,0,0,NA,NA
s7SJD34,0,0,0,0,NA,NA,NA,NA
s7SJD35,1,0,0,0,NA,NA,NA,NA
s7SJD36,0,1,0,0,NA,NA,NA,NA
s7SJD37,0,0,0,0,NA,NA,NA,NA
s7SJD38,0,0,0,NA,NA,NA,NA,NA
s7SJD39,0,0,NA,NA,NA,NA,NA,NA
s7SJD40,0,0,0,0,NA,NA,NA,NA
s7SJD41,0,0,0,0,0,0,0,0
s7SJD42,0,0,0,0,0,0,NA,NA
s7SJD43,0,0,0,0,0,0,0,0
s7SJD44,0,0,0,0,0,0,0,0
s7SJD45,0,0,0,0,0,1,0,NA
s7SJD46,0,0,0,0,1,0,NA,NA
s7SJD47,0,0,0,0,0,0,0,NA
s7SJD48,0,1,1,1,1,0,NA,NA
s7SJD49,0,0,0,0,0,0,0,0
s7SJD50,0,0,0,0,0,0,0,0
s7SJD51,0,0,0,0,0,0,0,0
s7SJD52,0,0,0,0,0,NA,NA,NA
s7SJD53,0,0,0,0,0,0,NA,NA
s7SJD54,0,1,1,1,1,0,0,0
s7SJD55,0,0,0,1,0,1,0,0
s7SJD56,0,0,NA,NA,NA,NA,NA,NA
s7SJD57,0,0,0,0,0,0,NA,NA
s7SJD58,1,1,0,NA,NA,NA,NA,NA
s7SJD59,1,0,0,NA,NA,NA,NA,NA
s7SJD60,0,1,1,0,0,0,NA,NA
s7SJD61,0,0,0,NA,NA,NA,NA,NA
s7SJD62,0,0,0,0,0,0,0,0
s7SJD63,1,0,0,0,0,0,0,0
s7SJD64,1,1,0,0,1,0,0,1
s7SJD65,0,0,0,NA,NA,NA,NA,NA
s7SJD66,0,0,0,0,NA,NA,NA,NA
s7SJD67,1,0,NA,NA,NA,NA,NA,NA
s7SJD68,1,0,1,0,0,0,0,0
s7SJD69,1,0,1,0,1,1,1,0
s7SJD70,0,0,0,0,0,0,0,0
s7SJD71,1,0,0,0,0,0,1,0
s7SJD72,0,0,1,0,0,1,1,0
s7SJD73,0,0,0,0,0,0,0,NA
s7SJD74,0,0,1,0,0,0,NA,NA
s7SJD75,0,1,1,1,0,0,0,0
s7SJD76,1,1,0,0,NA,NA,NA,NA
s7SJD77,1,0,0,0,0,0,0,0
s7SJD78,1,1,0,0,0,0,0,0
